dataset;classifier;model-id;validation;accuracy;precision-micro;precision-macro;precision-weighted;recall-micro;recall-macro;recall-weighted;f1-score-micro;f1-score-macro;f1-score-weighted;auc-roc;training-time-total;prediction-time-avg;prediction-time-total;time-stamp
bpi2013i_demo_raw;LSTM;1;split-0.8;0.7289373044385212;0.7289373044385212;0.39577583032136976;0.73277425618038;0.7289373044385212;0.3565081808118086;0.7289373044385212;0.7289373044385212;0.3450411550542961;0.7084781517212985;0.9103374748456999;5449.101425;0.033446838683510186;288.6127710000094;2021-03-02T14:37:57.609805+01:00
