experiment;mode;validation;accuracy;precision  (micro);precision  (macro);precision  (weighted);recall  (micro);recall  (macro);recall  (weighted);f1-score  (micro);f1-score  (macro);f1-score  (weighted);auc-roc;training-time-total;prediction-time-avg;prediction-time-total;time-stamp
helpdesk_raw_sample_100-0;split-0.8;split-validation;0.7549019607843137;0.7549019607843137;0.4054586717630196;0.6607380967994778;0.7549019607843137;0.4604001976284585;0.7549019607843137;0.7549019607843137;0.4260003874595022;0.6956688805901108;0.8812569244345994;10.332167;0.034572823529411795;3.526428000000003;2021-01-12T12:48:22.956066+01:00
