experiment;mode;validation;accuracy;precision  (micro);precision  (macro);precision  (weighted);recall  (micro);recall  (macro);recall  (weighted);f1-score  (micro);f1-score  (macro);f1-score  (weighted);training-time-total;prediction-time-avg;prediction-time-total;time-stamp
helpdesk_raw_sample_100-0;split-0.8;split-validation;0.21212121212121213;0.21212121212121213;0.030303030303030304;0.044995408631772274;0.21212121212121213;0.14285714285714285;0.21212121212121213;0.21212121212121215;0.049999999999999996;0.07424242424242423;0.002;0.0;0.0;2021-01-11T22:05:16.668897+01:00
