experiment;mode;validation;accuracy;precision  (micro);precision  (macro);precision  (weighted);recall  (micro);recall  (macro);recall  (weighted);f1-score  (micro);f1-score  (macro);f1-score  (weighted);auc-roc;training-time-total;prediction-time-avg;prediction-time-total;time-stamp
helpdesk_raw_sample_100-0;split-0.8;split-validation;0.4148936170212766;0.4148936170212766;0.1683906439288044;0.27004482935698326;0.4148936170212766;0.26623376623376627;0.4148936170212766;0.4148936170212766;0.1876897795877541;0.2983405425824541;0.5597041847041847;0.350287;0.10295;0.10295;2021-01-11T23:28:11.208432+01:00
