experiment;mode;validation;accuracy;precision  (micro);precision  (macro);precision  (weighted);recall  (micro);recall  (macro);recall  (weighted);f1-score  (micro);f1-score  (macro);f1-score  (weighted);auc-roc;training-time-total;prediction-time-avg;prediction-time-total;time-stamp
helpdesk_raw_sample_100-0;split-0.8;split-validation;0.30851063829787234;0.30851063829787234;0.11273600349230602;0.1791687661524958;0.30851063829787234;0.2012987012987013;0.30851063829787234;0.30851063829787234;0.12484422793701144;0.19575817908785664;0.5212842712842712;0.001982;0.0;0.0;2021-01-11T23:27:45.651909+01:00
