dataset;classifier;validation;accuracy;precision  (micro);precision  (macro);precision  (weighted);recall  (micro);recall  (macro);recall  (weighted);f1-score  (micro);f1-score  (macro);f1-score  (weighted);auc-roc;training-time-total;prediction-time-avg;prediction-time-total;time-stamp
helpdesk_raw;DT;split-0.8;0.6081112945060128;0.6081112945060128;0.21829772091323896;0.5801206242887653;0.6081112945060128;0.19939656249094714;0.6081112945060128;0.6081112945060128;0.1973889206994431;0.5890855174980979;0.6699506864121202;0.602655;0.0001564772459325634;0.6636200000000014;2021-01-15T01:13:16.439863+01:00
