experiment;mode;validation;accuracy;precision  (micro);precision  (macro);precision  (weighted);recall  (micro);recall  (macro);recall  (weighted);f1-score  (micro);f1-score  (macro);f1-score  (weighted);training-time-total;prediction-time-avg;prediction-time-total;time-stamp
helpdesk_raw_sample_100-0;split-0.8;split-validation;0.36363636363636365;0.36363636363636365;0.17543277473591062;0.27171443431606035;0.36363636363636365;0.24194025436261463;0.36363636363636365;0.36363636363636365;0.17644009216589862;0.2682999348321929;4.286095;0.028984;0.028984;2021-01-11T22:28:55.861238+01:00
