dataset;classifier;validation;accuracy;precision  (micro);precision  (macro);precision  (weighted);recall  (micro);recall  (macro);recall  (weighted);f1-score  (micro);f1-score  (macro);f1-score  (weighted);auc-roc;training-time-total;prediction-time-avg;prediction-time-total;time-stamp
helpdesk_raw_sample_100;RF;split-0.8;0.5851063829787234;0.5851063829787234;0.25887205387205386;0.5278755641521599;0.5851063829787234;0.2868686868686869;0.5851063829787234;0.5851063829787234;0.27213191783034524;0.554976957618326;0;1.763989;0.10380436170212763;9.757609999999998;2021-01-14T21:38:42.100433+01:00
