experiment;mode;validation;accuracy;precision  (micro);precision  (macro);precision  (weighted);recall  (micro);recall  (macro);recall  (weighted);f1-score  (micro);f1-score  (macro);f1-score  (weighted);auc-roc;training-time-total;prediction-time-avg;prediction-time-total;time-stamp
helpdesk_raw_sample_100-0;split-0.8;split-validation;0.3723404255319149;0.3723404255319149;0.178106917237352;0.27708595238659994;0.3723404255319149;0.24675324675324675;0.3723404255319149;0.3723404255319149;0.18108918600990773;0.27657071629478364;0.8149481974594502;4.120656;0.028968;0.028968;2021-01-11T23:26:56.437757+01:00
