experiment;mode;validation;accuracy;precision;recall;f1-score;training-time-total;prediction-time-avg;prediction-time-total;time-stamp
helpdesk_raw_sample_100-0;split-0.8;split-validation;0.21212121212121213;0.21212121212121213;0.030303030303030304;0.044995408631772274;0.21212121212121213;0.14285714285714285;0.21212121212121213;0.21212121212121215;0.049999999999999996;0.07424242424242423;3.919787;0.032982;0.032982;2021-01-11T21:38:34.483667+01:00
