experiment;mode;validation;accuracy;precision  (micro);precision  (macro);precision  (weighted);recall  (micro);recall  (macro);recall  (weighted);f1-score  (micro);f1-score  (macro);f1-score  (weighted);auc-roc;explanation-time-avg;explanation-time-total;time-stamp
helpdesk_raw-0;split-0.99;split-validation;0.46107784431137727;0.46107784431137727;0.2346132069849216;0.4919241616891374;0.46107784431137727;0.22007644529383663;0.46107784431137727;0.46107784431137727;0.22657400364885488;0.47488570202740976;0.8438964399666363;1.4409574730538925;240.63989800000004;2021-01-12T18:59:31.006115+01:00
