experiment;mode;validation;accuracy;precision  (micro);precision  (macro);precision  (weighted);recall  (micro);recall  (macro);recall  (weighted);f1-score  (micro);f1-score  (macro);f1-score  (weighted);auc-roc;training-time-total;prediction-time-avg;prediction-time-total;time-stamp
helpdesk_raw_sample_100-0;split-0.8;split-validation;0.18627450980392157;0.18627450980392157;0.023284313725490197;0.03469819300269127;0.18627450980392157;0.125;0.18627450980392157;0.18627450980392157;0.03925619834710744;0.05849943283098363;0.8269788066390202;4.14763;0.03619496078431373;3.6918860000000007;2021-01-12T10:02:28.560852+01:00
