experiment;mode;validation;accuracy;precision;recall;f1-score;training-time;time-stamp
helpdesk_sample-0;split-0.8;split-validation;0.5106382978723404;0.2857142857142857;0.5106382978723404;0.3654568210262829;6.162619;2020-10-08T11:03:10.609154+02:00
