experiment;mode;validation;accuracy;precision;recall;f1-score;training-time;time-stamp
helpdesk_raw_sample_100-0;split-0.8;split-validation;0.31313131313131315;0.14005439005439008;0.31313131313131315;0.1930722752640561;3.645914;2020-10-17T19:02:17.676405+02:00
