experiment;mode;validation;accuracy;precision;recall;f1-score;training-time;time-stamp
helpdesk_sample-0;split-0.8;split-validation;0.5106382978723404;0.5833883969869169;0.5106382978723404;0.4112422273874089;8.159807;2020-10-12T10:39:59.204842+02:00
