experiment;mode;validation;accuracy;precision;recall;f1-score;training-time;time-stamp
helpdesk_sample-0;split-0.8;split-validation;0.06647398843930635;0.1137292212688041;0.06647398843930635;0.03519762537103578;4.77527;2020-09-26T17:10:25.213219+02:00
