dataset;classifier;model-id;validation;accuracy;precision-micro;precision-macro;precision-weighted;recall-micro;recall-macro;recall-weighted;f1-score-micro;f1-score-macro;f1-score-weighted;auc-roc;training-time-total;prediction-time-avg;prediction-time-total;time-stamp
bpi2013i_raw;RF;1;split-0.8;0.705643759415923;0.705643759415923;0.393336246158713;0.713943774852133;0.705643759415923;0.3265793977808488;0.705643759415923;0.705643759415923;0.32196511885574797;0.6812043591501756;0.8514942232069719;85.984406;0.1265402662421285;4908.24384699968;2021-02-28T02:31:03.490550+01:00
