dataset;classifier;model-id;validation;accuracy;precision-micro;precision-macro;precision-weighted;recall-micro;recall-macro;recall-weighted;f1-score-micro;f1-score-macro;f1-score-weighted;auc-roc;training-time-total;prediction-time-avg;prediction-time-total;time-stamp
bpi2013i_raw;LSTM;1;split-0.8;0.7564028276741221;0.7564028276741221;0.37998321707918825;0.7383809614985677;0.7564028276741221;0.38988460754246546;0.7564028276741221;0.7564028276741221;0.37898727119565473;0.7428734838038591;0.8692767729686159;14959.99532;0.03291917220999049;284.05953700000794;2021-02-25T17:23:00.006292+01:00
