dataset;classifier;model-id;validation;accuracy;precision-micro;precision-macro;precision-weighted;recall-micro;recall-macro;recall-weighted;f1-score-micro;f1-score-macro;f1-score-weighted;auc-roc;training-time-total;prediction-time-avg;prediction-time-total;time-stamp
bpi2013i_raw;DT;1;split-0.8;0.7238382199559624;0.7238382199559624;0.3613532311227494;0.7260408774254274;0.7238382199559624;0.36038195943483103;0.7238382199559624;0.7238382199559624;0.33891596173924055;0.7026624715120717;0.8496896494299614;43.906297;0.00011163077992814927;0.9632620000000001;2021-02-28T00:46:06.631279+01:00
