dataset;classifier;model-id;validation;accuracy;precision-micro;precision-macro;precision-weighted;recall-micro;recall-macro;recall-weighted;f1-score-micro;f1-score-macro;f1-score-weighted;auc-roc;training-time-total;prediction-time-avg;prediction-time-total;time-stamp
sepsis_raw;LSTM;1;split-0.8;0.6437116068541868;0.6437116068541868;0.5070664486129941;0.6308827741244957;0.6437116068541868;0.4377665292512056;0.6437116068541868;0.6437116068541868;0.45454080529061963;0.6318469716441124;0.9343742226429651;72530.935779;0.03766908826382156;116.51049000000009;2021-02-01T21:16:23.240558+01:00
