dataset;classifier;model-id;validation;accuracy;precision-micro;precision-macro;precision-weighted;recall-micro;recall-macro;recall-weighted;f1-score-micro;f1-score-macro;f1-score-weighted;auc-roc;training-time-total;prediction-time-avg;prediction-time-total;time-stamp
sepsis_raw;RF;1;split-0.8;0.5835758163595215;0.5835758163595215;0.47334154311545507;0.5709460077522913;0.5835758163595215;0.44195055721098386;0.5835758163595215;0.5835758163595215;0.4446129003840597;0.562879437765492;0.8473516837821508;33.199991;0.10941980278047501;338.4354500000092;2021-02-02T21:53:35.917503+01:00
