dataset;classifier;model-id;validation;accuracy;precision-micro;precision-macro;precision-weighted;recall-micro;recall-macro;recall-weighted;f1-score-micro;f1-score-macro;f1-score-weighted;auc-roc;training-time-total;prediction-time-avg;prediction-time-total;time-stamp
sepsis_raw;DT;1;split-0.8;0.6210798577432913;0.6210798577432913;0.48632934660363036;0.6105006335204102;0.6210798577432913;0.4725165786929218;0.6210798577432913;0.6210798577432913;0.47437080840062185;0.6121730424783505;0.8279971136246375;10.045311;8.430649854510165e-05;0.2607599999999994;2021-02-20T20:40:13.959564+01:00
