dataset;classifier;model-id;validation;accuracy;precision-micro;precision-macro;precision-weighted;recall-micro;recall-macro;recall-weighted;f1-score-micro;f1-score-macro;f1-score-weighted;auc-roc;training-time-total;prediction-time-avg;prediction-time-total;time-stamp
bpi2012_complete_raw;LSTM;1;split-0.8;0.7939255280347491;0.7939255280347491;0.7434492949826879;0.7781650524849886;0.7939255280347491;0.6212520534886581;0.7939255280347491;0.7939255280347491;0.6329582167344762;0.7521130818063888;0.9779465072057539;24728.866778;0.03348333393017225;1009.8238680000649;2021-02-24T19:12:24.850498+01:00
