dataset;classifier;model-id;validation;accuracy;precision-micro;precision-macro;precision-weighted;recall-micro;recall-macro;recall-weighted;f1-score-micro;f1-score-macro;f1-score-weighted;auc-roc;training-time-total;prediction-time-avg;prediction-time-total;time-stamp
bpi2012_complete_raw;RF;1;split-0.8;0.013296196823502105;0.013296196823502105;0.057934872744921234;0.06419446225442112;0.013296196823502105;0.04573678840200512;0.013296196823502105;0.013296196823502105;0.023611480646376817;0.011965667890304555;0.6040100498048269;252.375;0.12675662896647008;3822.8531729997712;2021-02-28T02:11:27.568789+01:00
