dataset;classifier;model-id;validation;accuracy;precision-micro;precision-macro;precision-weighted;recall-micro;recall-macro;recall-weighted;f1-score-micro;f1-score-macro;f1-score-weighted;auc-roc;training-time-total;prediction-time-avg;prediction-time-total;time-stamp
bpi2012_complete_raw;DT;1;split-0.8;0.00729467157399118;0.00729467157399118;0.0408081735622119;0.06120266098735396;0.00729467157399118;0.02490074691982792;0.00729467157399118;0.00729467157399118;0.018354587257683557;0.007357340818550236;0.5249232221423972;109.484438;0.0001275371862462283;3.846393999999999;2021-02-28T00:57:55.975063+01:00
